{
  "area_m2": 0.09374382346868515,
  "floor": 0.017267819494009018,
  "photo_count": 0.04075752571225166,
  "year": 0.0,
  "month": 0.019698861986398697,
  "day_of_week": 0.014559116214513779,
  "district_encoded": 0.05279357731342316,
  "build_type_\u041d\u043e\u0432\u043e\u0441\u0442\u0440\u043e\u0439\u043a\u0430": 0.0322280079126358,
  "renovation_\u041d\u043e\u0432\u044b\u0439 \u0440\u0435\u043c\u043e\u043d\u0442": 0.11918842047452927,
  "renovation_\u0421 \u0440\u0435\u043c\u043e\u043d\u0442\u043e\u043c": 0.065400630235672,
  "bathroom_\u0420\u0430\u0437\u0434\u0435\u043b\u044c\u043d\u044b\u0439": 0.02954682521522045,
  "bathroom_\u0421\u043e\u0432\u043c\u0435\u0449\u0435\u043d\u043d\u044b\u0439": 0.019870463758707047,
  "heating_\u041d\u0435\u0438\u0437\u0432\u0435\u0441\u0442\u043d\u043e": 0.0,
  "heating_\u041d\u0435\u0442": 0.026666933670639992,
  "tech_passport_\u041d\u0435\u0438\u0437\u0432\u0435\u0441\u0442\u043d\u043e": 0.011153140105307102,
  "tech_passport_\u041d\u0435\u0442": 0.06855583935976028,
  "floor_category_high": 0.027309931814670563,
  "floor_category_low": 0.021766582503914833,
  "floor_category_middle": 0.01168886385858059,
  "area_category_premium": 0.20941755175590515,
  "area_category_spacious": 0.051932793110609055,
  "area_category_standard": 0.03258345648646355,
  "photo_category_low": 0.01446605660021305,
  "photo_category_medium": 0.0194038487970829
}