{
  "train_rmse": 73218.55883232689,
  "train_mae": 48909.691099016854,
  "train_r2": 0.8880877703044954,
  "valid_rmse": 91647.4962984531,
  "valid_mae": 61236.72191011236,
  "valid_r2": 0.7212401105472375,
  "train_mape": 8.987827101949748,
  "valid_mape": 10.677142335827678,
  "overfitting_ratio": 1.2516976263945476
}