{
  "training_time": 0.129875,
  "best_iteration": 46,
  "best_score": 91647.49622906957,
  "evals_result": {
    "train": {
      "rmse": [
        211746.8413143258,
        204638.28616123513,
        197793.59561738718,
        191604.23807197777,
        186003.2522004055,
        181180.30951171165,
        176232.64562610327,
        170939.59723410071,
        166797.8851477809,
        161628.6730610282,
        156521.26842586306,
        152755.74178022068,
        148798.6439888582,
        145567.30106684368,
        141268.51219688723,
        138245.78875988355,
        134499.63159956117,
        131036.0554138103,
        128127.36411110549,
        125548.31412306179,
        122447.7719657563,
        119349.03234520003,
        116246.08988408245,
        113745.63913746491,
        110681.61901443612,
        108547.71167656165,
        106291.61623875094,
        104043.64581460056,
        101775.80546161506,
        99561.02598471206,
        97205.00162204485,
        95264.39785303737,
        93078.35893014242,
        90975.3346212456,
        89072.09257839614,
        87184.43049678845,
        85725.28033987999,
        84698.79014736557,
        83038.73099335593,
        81952.29067039749,
        80399.00914136057,
        79040.43262725043,
        77658.37122572886,
        76729.44526359192,
        75490.61808760956,
        74227.86157742198,
        73218.55866123574,
        72583.89101537592,
        71494.13328919864,
        70304.68834980323,
        69268.46777655632,
        68398.31006419445,
        67286.27979043445,
        66096.9935573026,
        64959.30439534055,
        64186.706644375394,
        63448.2140699066,
        62865.65350911591,
        61978.56294265729,
        61220.55737359839,
        60200.60841621898,
        59413.46763110995,
        58374.46875839011,
        57739.33801830851,
        57235.97223861072,
        56572.969431206846,
        55852.017782851995,
        55248.14464656111,
        54730.285407522155,
        54245.32305585917,
        53460.737583678514,
        52934.846100507835,
        52239.7281172461,
        51606.35981768798,
        51162.880696053384,
        50730.08390918788,
        50281.80398074427,
        49907.82403742973,
        49585.91444495625,
        49044.96810899524,
        48322.685196543454,
        48007.321694454615,
        47613.27655212911,
        47240.815842295,
        46943.51524135547,
        46598.862666176334,
        46221.24362727687,
        45768.18390416236,
        45247.17455950635,
        45038.27552581893,
        44845.684295507665,
        44429.21873005758,
        44028.57997777131,
        43776.83309556153,
        43545.385357769,
        43132.76222080308,
        42897.114036489
      ]
    },
    "validation": {
      "rmse": [
        167921.9823155411,
        161857.2830767549,
        156405.7625482083,
        151460.51471410668,
        146584.5788663465,
        143227.8064900046,
        140207.17850229007,
        135938.96001754495,
        133495.8303653015,
        129864.16416334995,
        126058.68913225131,
        124651.61492650834,
        121022.55379795161,
        119257.35788001708,
        116932.35417069857,
        114560.21405933311,
        112265.236909699,
        110807.3538930209,
        109624.95979149327,
        107948.8870383192,
        106523.95689419383,
        105737.15862192535,
        104102.67161916255,
        103103.04452767826,
        101981.63934417725,
        101270.8411884252,
        100347.98147961775,
        99205.72435256654,
        99011.32066799203,
        98270.6587167196,
        97203.04536708836,
        96338.70866396732,
        95563.47081513917,
        94929.92005121436,
        94683.30624259004,
        94356.1930503805,
        93422.44777057185,
        92971.78340498159,
        92759.81385327432,
        92589.01010321126,
        92418.98073459677,
        92156.5557034566,
        92168.54638644829,
        92151.79785923281,
        92000.32731710063,
        91881.37998319666,
        91647.49622906957,
        91787.59444892214,
        91988.99609104222,
        92323.66122997586,
        92165.24832626332,
        92309.86853518504,
        92648.63574230768,
        92798.36400837364,
        92903.38415157604,
        93007.22191383426,
        93242.26147633867,
        93081.40113829388,
        93051.0875375077,
        93437.77712017077,
        93875.8102891577,
        93892.98820616107,
        94108.96146102757,
        94148.29813749233,
        94002.67916982938,
        93786.62404070482,
        93799.25566259812,
        93884.56032884454,
        93850.32527370556,
        93843.15097028072,
        94028.55288003471,
        94183.95862293983,
        94176.6780468272,
        94167.29782684182,
        94156.69061212106,
        94330.35072062354,
        94424.87485873881,
        94344.18398757232,
        94359.23990495212,
        94518.00042425485,
        94569.30441059059,
        94476.87809567884,
        94390.12202273974,
        94429.42758563659,
        94587.97154983644,
        94664.01569298939,
        94903.37153344092,
        95099.87248653415,
        95467.38885607674,
        95353.31986478383,
        95423.00367649557,
        95307.79625153857,
        95430.82484017882,
        95763.32036903876,
        95901.39353848845,
        96096.06294419663,
        96002.22002847678
      ]
    }
  }
}